Black positions, White positions, game status
35300319232L, 68720002048L, WHITE_TO_MOVE
8899575414784L, 9024808620654592L, WHITE_TO_MOVE
240786604032L, 136249344L, BLACK_TO_MOVE
35287856054272L, 1573888L, WHITE_TO_MOVE
337641472L, 8899308290048L, BLACK_TO_MOVE
872415232L, 8899308290048L, BLACK_TO_MOVE
171865800704L, 35253496053760L, BLACK_TO_MOVE
172000018432L, 35253361836032L, BLACK_TO_MOVE
941105152L, 4501125726208L, WHITE_TO_MOVE
34563031040L, 206426867712L, WHITE_TO_MOVE
34766069760L, 68719480832L, WHITE_TO_MOVE
34495012864L, 77645742080L, BLACK_TO_MOVE
34764488704L, 77378355200L, BLACK_TO_MOVE
35287585521664L, 270467072L, BLACK_TO_MOVE
34661992464L, 68854415360L, WHITE_TO_MOVE
39685766774784L, 17315135488L, WHITE_TO_MOVE
44083947503616L, 17180917760L, WHITE_TO_MOVE
137843187712L, 4501125726208L, WHITE_TO_MOVE
17695735021568L, 788480L, WHITE_TO_MOVE
17695735021568L, 17180395520L, WHITE_TO_MOVE
201852928L, 4501395472384L, BLACK_TO_MOVE
241325965312L, 134744064L, WHITE_TO_MOVE
17695534088192L, 134744064L, WHITE_TO_MOVE
34632237056L, 68853700608L, WHITE_TO_MOVE
34632237056L, 69390567424L, WHITE_TO_MOVE
206493974528L, 8830587766784L, BLACK_TO_MOVE
34360660000L, 69123180544L, WHITE_TO_MOVE
34629879816L, 68887511040L, WHITE_TO_MOVE
240787129344L, 134678528L, WHITE_TO_MOVE
470679552L, 8899172237312L, WHITE_TO_MOVE
35287586308096L, 336592896L, WHITE_TO_MOVE
35287586308096L, 17449353216L, WHITE_TO_MOVE
34561986560L, 206426867712L, WHITE_TO_MOVE
35313489543168L, 134744064L, WHITE_TO_MOVE
34563162112L, 206428700672L, BLACK_TO_MOVE
35097935872L, 206428700672L, BLACK_TO_MOVE
206359756800L, 4432676519936L, BLACK_TO_MOVE
35287585521664L, 8927313920L, BLACK_TO_MOVE
34629877760L, 68887513088L, BLACK_TO_MOVE
26491493023744L, 17450401792L, WHITE_TO_MOVE
129252196352L, 9024791440785408L, WHITE_TO_MOVE
240987930624L, 788480L, WHITE_TO_MOVE
172000018432L, 17661175791616L, BLACK_TO_MOVE
206427784192L, 8830586980352L, WHITE_TO_MOVE
34762786832L, 77377044480L, WHITE_TO_MOVE
35287586439168L, 269490176L, WHITE_TO_MOVE
515396468736L, 70369147357184L, WHITE_TO_MOVE
4432676651008L, 86033565696L, WHITE_TO_MOVE
4432676651008L, 8864946718720L, WHITE_TO_MOVE
34830287872L, 68719675392L, WHITE_TO_MOVE
137843187712L, 120259084288L, WHITE_TO_MOVE
17695534220288L, 134678528L, WHITE_TO_MOVE
403308544L, 120326456320L, BLACK_TO_MOVE
206427783168L, 8830586978304L, WHITE_TO_MOVE
105690958397440L, 120259084288L, WHITE_TO_MOVE
206225539072L, 8830857248768L, BLACK_TO_MOVE
17695535792128L, 671877120L, BLACK_TO_MOVE
34829893632L, 68720003072L, WHITE_TO_MOVE
19808792346624L, 240518168576L, WHITE_TO_MOVE
8900112285696L, 17180917760L, WHITE_TO_MOVE
17627015938048L, 35253092091904L, WHITE_TO_MOVE
35253360001024L, 51674351616L, BLACK_TO_MOVE
470680576L, 8899172239360L, WHITE_TO_MOVE
35287588143104L, 269488128L, WHITE_TO_MOVE
35299262464L, 77378355200L, BLACK_TO_MOVE
34629092368L, 68853696520L, WHITE_TO_MOVE
240787521536L, 671088640L, WHITE_TO_MOVE
201589760L, 4501395734528L, BLACK_TO_MOVE
17695533694976L, 135202816L, BLACK_TO_MOVE
172205015040L, 17660905521152L, WHITE_TO_MOVE
240921348096L, 1310720L, WHITE_TO_MOVE
35299794944L, 68720529408L, WHITE_TO_MOVE
26491761459200L, 17180917760L, WHITE_TO_MOVE
17695735021568L, 1835008L, WHITE_TO_MOVE
88098772353024L, 120259084288L, WHITE_TO_MOVE
2216609447936L, 103079215104L, WHITE_TO_MOVE
34360657928L, 69123182592L, WHITE_TO_MOVE
335939600L, 8899306979328L, WHITE_TO_MOVE
257966997504L, 8796227502080L, WHITE_TO_MOVE
171934490624L, 17661173956608L, WHITE_TO_MOVE
17661241065472L, 8830587766784L, BLACK_TO_MOVE
44015228026880L, 223338299392L, WHITE_TO_MOVE
240787521536L, 672139264L, WHITE_TO_MOVE
35253292892160L, 4432676519936L, BLACK_TO_MOVE
240653443072L, 268960768L, WHITE_TO_MOVE
240921347072L, 1310720L, WHITE_TO_MOVE
1134696268824576L, 515530555392L, BLACK_TO_MOVE
34629879812L, 68887511040L, WHITE_TO_MOVE
202244096L, 120529616896L, BLACK_TO_MOVE
17661177626624L, 51673825280L, WHITE_TO_MOVE
240786997248L, 134744064L, WHITE_TO_MOVE
68165632L, 8899575676928L, BLACK_TO_MOVE
34629746688L, 35391201869824L, BLACK_TO_MOVE
470157328L, 120259608576L, WHITE_TO_MOVE
240786997264L, 134744072L, WHITE_TO_MOVE
240786604032L, 135202816L, BLACK_TO_MOVE
17695534219264L, 135529476L, BLACK_TO_MOVE
35287451303936L, 505151488L, BLACK_TO_MOVE
17661173956608L, 51674351616L, BLACK_TO_MOVE
335937536L, 120393828352L, BLACK_TO_MOVE
34360001536L, 69224366080L, BLACK_TO_MOVE
8830724866048L, 86033563648L, WHITE_TO_MOVE
17695668439040L, 1310720L, WHITE_TO_MOVE
4458176577536L, 69123178496L, WHITE_TO_MOVE
8856223088640L, 69123178496L, WHITE_TO_MOVE
240921348104L, 458752L, WHITE_TO_MOVE
4638833639424L, 17315135488L, WHITE_TO_MOVE
34495799296L, 68987913216L, WHITE_TO_MOVE
270532608L, 120462245888L, BLACK_TO_MOVE
35288390828032L, 1573888L, WHITE_TO_MOVE
17721303498752L, 134744064L, WHITE_TO_MOVE
34630139904L, 68853696512L, WHITE_TO_MOVE
2216606302208L, 103079215104L, WHITE_TO_MOVE
67372032L, 120663310336L, BLACK_TO_MOVE
34561986560L, 68988962816L, WHITE_TO_MOVE
8830857379840L, 85899347968L, WHITE_TO_MOVE
240787128320L, 11012430626816L, BLACK_TO_MOVE
17695534219264L, 672407552L, BLACK_TO_MOVE
335937536L, 8899306981376L, BLACK_TO_MOVE
34630139920L, 68853696520L, WHITE_TO_MOVE
17695534088208L, 134744072L, WHITE_TO_MOVE
17626815136768L, 35253225785344L, WHITE_TO_MOVE
34830159872L, 68753295360L, WHITE_TO_MOVE
240787522560L, 671090688L, WHITE_TO_MOVE
34629091328L, 1130383986917376L, BLACK_TO_MOVE
240787128320L, 135529476L, BLACK_TO_MOVE
1152357174214656L, 34494482432L, WHITE_TO_MOVE
17661311844352L, 51539607552L, WHITE_TO_MOVE
35287856054272L, 1835008L, WHITE_TO_MOVE
17695536185344L, 671614976L, WHITE_TO_MOVE
17695536185344L, 137573697536L, WHITE_TO_MOVE
240652386304L, 8927313920L, BLACK_TO_MOVE
34762915840L, 1134781899210752L, BLACK_TO_MOVE
2285325778944L, 9024825800523776L, WHITE_TO_MOVE
34561460240L, 206427389952L, WHITE_TO_MOVE
61607145635840L, 68988960768L, WHITE_TO_MOVE
240921346048L, 1048576L, WHITE_TO_MOVE
17661174874112L, 51673825280L, WHITE_TO_MOVE
17695536316416L, 671350784L, WHITE_TO_MOVE
35253497888768L, 51539607552L, WHITE_TO_MOVE
103280541696L, 70506453401600L, BLACK_TO_MOVE
60532719616L, 1130366672830464L, WHITE_TO_MOVE
17695668436992L, 4512412900261888L, WHITE_TO_MOVE
240719888384L, 270010368L, WHITE_TO_MOVE
35287855923200L, 33556480L, WHITE_TO_MOVE
34762915840L, 69261590528L, BLACK_TO_MOVE
17626881327104L, 35253226571776L, BLACK_TO_MOVE
35425159217152L, 17315135488L, WHITE_TO_MOVE
17695535267840L, 671350784L, WHITE_TO_MOVE
34762915840L, 4512481619738624L, BLACK_TO_MOVE
34561067008L, 68989748224L, BLACK_TO_MOVE
34561069056L, 68989748224L, BLACK_TO_MOVE
17626815791104L, 35253762916352L, BLACK_TO_MOVE
35288390828032L, 1835008L, WHITE_TO_MOVE
8847666708480L, 69123178496L, WHITE_TO_MOVE
22024995471360L, 223338299392L, WHITE_TO_MOVE
6648878333952L, 68853956608L, WHITE_TO_MOVE
35253495136256L, 51539607552L, WHITE_TO_MOVE
34762915840L, 344135303168L, BLACK_TO_MOVE
34494482432L, 4521260802637824L, BLACK_TO_MOVE
269352960L, 9311623315456L, BLACK_TO_MOVE
35253496184832L, 51539609600L, WHITE_TO_MOVE
34830157832L, 68753293312L, WHITE_TO_MOVE
34360264704L, 69224103936L, BLACK_TO_MOVE
34762915840L, 1130383852699648L, BLACK_TO_MOVE
44083679068160L, 4398315995136L, WHITE_TO_MOVE
4450056273920L, 68720003072L, WHITE_TO_MOVE
8830922915840L, 85899872256L, WHITE_TO_MOVE
17661175922688L, 8830586980352L, WHITE_TO_MOVE
35253496184832L, 8830452762624L, WHITE_TO_MOVE
11046790627328L, 68988960768L, WHITE_TO_MOVE
35287586048000L, 269485056L, WHITE_TO_MOVE
2216472085504L, 103213434880L, WHITE_TO_MOVE
34561073152L, 68989751296L, BLACK_TO_MOVE
35253226307584L, 51810140160L, BLACK_TO_MOVE
4432678354944L, 86033563648L, WHITE_TO_MOVE
34360657936L, 69123182592L, WHITE_TO_MOVE
34495537152L, 68987912192L, WHITE_TO_MOVE
35253561720832L, 51540133888L, WHITE_TO_MOVE
34863448064L, 77309937664L, WHITE_TO_MOVE
34629091328L, 69392670720L, BLACK_TO_MOVE
8830856332288L, 85899347968L, WHITE_TO_MOVE
8830859083776L, 85899345920L, WHITE_TO_MOVE
35425024999424L, 17592455528448L, WHITE_TO_MOVE
206628716544L, 8830453022720L, WHITE_TO_MOVE
34561460240L, 68989485056L, WHITE_TO_MOVE
470681608L, 120259084288L, WHITE_TO_MOVE
240787128320L, 8813440925696L, BLACK_TO_MOVE
35287586045952L, 269484032L, WHITE_TO_MOVE
35425293434880L, 17592187092992L, WHITE_TO_MOVE
17695668305920L, 8657569792L, WHITE_TO_MOVE
240786604032L, 675020800L, BLACK_TO_MOVE
201854976L, 4501395472384L, BLACK_TO_MOVE
4638833639424L, 8796227502080L, WHITE_TO_MOVE
35218867625984L, 17661173956608L, WHITE_TO_MOVE
34631852032L, 68920803328L, WHITE_TO_MOVE
4638833639424L, 17314349056L, WHITE_TO_MOVE
34495539200L, 68987913216L, WHITE_TO_MOVE
34561064960L, 68989747200L, BLACK_TO_MOVE
35300837376L, 68719738880L, WHITE_TO_MOVE
34561458176L, 68989486594L, BLACK_TO_MOVE
34561065984L, 69023433216L, BLACK_TO_MOVE
35366371328L, 68754997760L, BLACK_TO_MOVE
34830287361L, 68753162240L, WHITE_TO_MOVE
403440640L, 17695366054400L, BLACK_TO_MOVE
8993112064L, 120326587136L, BLACK_TO_MOVE
34494350336L, 77646529024L, BLACK_TO_MOVE
470417408L, 124587868672L, BLACK_TO_MOVE
34561720320L, 68989225488L, BLACK_TO_MOVE
35287451303936L, 505283072L, BLACK_TO_MOVE
51943964672L, 68719741440L, WHITE_TO_MOVE
9060352000L, 120259346944L, WHITE_TO_MOVE
34830286848L, 68719676928L, BLACK_TO_MOVE
34830286848L, 68753163784L, BLACK_TO_MOVE
240921608705L, 33685504L, WHITE_TO_MOVE
2216203780096L, 104086110720L, BLACK_TO_MOVE
34561593344L, 68989420032L, BLACK_TO_MOVE
34561065473L, 69023432704L, BLACK_TO_MOVE
8657174528L, 120663572992L, BLACK_TO_MOVE
503971840L, 120259346944L, WHITE_TO_MOVE
34360264704L, 69224235520L, BLACK_TO_MOVE
9060220928L, 120259543552L, BLACK_TO_MOVE
470549504L, 120259281408L, BLACK_TO_MOVE
67503104L, 8899576463872L, BLACK_TO_MOVE
657408L, 120730157568L, BLACK_TO_MOVE
34763046912L, 1130383920071168L, BLACK_TO_MOVE
34829631488L, 344136090112L, BLACK_TO_MOVE
17695535661056L, 134220288L, WHITE_TO_MOVE
34561065473L, 68989943808L, BLACK_TO_MOVE
240921608705L, 196608L, WHITE_TO_MOVE
34830483456L, 68753031680L, WHITE_TO_MOVE
17695668699649L, 196608L, WHITE_TO_MOVE
17695265783808L, 1040581120L, BLACK_TO_MOVE
403440640L, 17695332565504L, BLACK_TO_MOVE
34362753538L, 69123182592L, BLACK_TO_MOVE
34360396290L, 69190549504L, BLACK_TO_MOVE
34494613506L, 68989223425L, BLACK_TO_MOVE
240787128834L, 671547392L, BLACK_TO_MOVE
35287452221954L, 1006632960L, BLACK_TO_MOVE
35287585915394L, 805831680L, BLACK_TO_MOVE
4398315602434L, 8916486586368L, BLACK_TO_MOVE
34393424386L, 69124030464L, BLACK_TO_MOVE
34628829698L, 35391201869824L, BLACK_TO_MOVE
17661174088194L, 51675660288L, BLACK_TO_MOVE
35287854350850L, 526336L, WHITE_TO_MOVE
172067782658L, 35253226045953L, BLACK_TO_MOVE
17626814873602L, 35253226045953L, BLACK_TO_MOVE
240518300162L, 940312576L, BLACK_TO_MOVE
34359869954L, 69123964928L, BLACK_TO_MOVE
240787128322L, 168165889L, BLACK_TO_MOVE
206158561794L, 4432810737664L, BLACK_TO_MOVE
17695265391106L, 940312576L, BLACK_TO_MOVE
17695265391106L, 137842395136L, BLACK_TO_MOVE
34393948674L, 69659328512L, BLACK_TO_MOVE
35218866962946L, 17661710827520L, BLACK_TO_MOVE
17660906177026L, 52479393792L, BLACK_TO_MOVE
17695533826562L, 136052736L, WHITE_TO_MOVE
34630926338L, 69390828033L, BLACK_TO_MOVE
240786604546L, 135202816L, BLACK_TO_MOVE
35287585915394L, 137707915264L, BLACK_TO_MOVE
35287585915394L, 270008320L, WHITE_TO_MOVE
34360395266L, 69659265024L, BLACK_TO_MOVE
17592455135746L, 35304765652992L, BLACK_TO_MOVE
103079346690L, 70506587619328L, BLACK_TO_MOVE
17660906177026L, 51944620032L, BLACK_TO_MOVE
35253360919042L, 51674873856L, BLACK_TO_MOVE
34631188994L, 68854751232L, BLACK_TO_MOVE
4432406905346L, 8865752285184L, BLACK_TO_MOVE
34830286849L, 68753162754L, BLACK_TO_MOVE
34830286849L, 68719673860L, BLACK_TO_MOVE
34830286849L, 68719673858L, BLACK_TO_MOVE
34695806976L, 18049651769213440L, BLACK_TO_MOVE
34426978304L, 18049652005536256L, BLACK_TO_MOVE
34695806976L, 18049651735724544L, BLACK_TO_MOVE
269090816L, 18049703342244352L, BLACK_TO_MOVE
470286336L, 128882967040L, BLACK_TO_MOVE
470286336L, 120293097984L, BLACK_TO_MOVE
34360001536L, 69224497664L, BLACK_TO_MOVE
34830024704L, 68753427968L, BLACK_TO_MOVE
34830287872L, 68753162752L, WHITE_TO_MOVE
100794368L, 120663572992L, BLACK_TO_MOVE
34830155776L, 68719742464L, WHITE_TO_MOVE
34830287872L, 68719673856L, WHITE_TO_MOVE
34561720320L, 68989225476L, BLACK_TO_MOVE
34360525313L, 69759795200L, BLACK_TO_MOVE
34561591296L, 68989420032L, BLACK_TO_MOVE
9060220928L, 120293032448L, BLACK_TO_MOVE
34561458176L, 68989488640L, BLACK_TO_MOVE
34561722368L, 68989223424L, WHITE_TO_MOVE
69122654208L, 9024825868091904L, BLACK_TO_MOVE
34561459200L, 68989485568L, WHITE_TO_MOVE
34561065984L, 68989944320L, BLACK_TO_MOVE
34830286848L, 68719674888L, BLACK_TO_MOVE
34831204352L, 68719741440L, WHITE_TO_MOVE
34360525824L, 69759795712L, BLACK_TO_MOVE
69122654208L, 9024825901580800L, BLACK_TO_MOVE
470417408L, 133144248832L, BLACK_TO_MOVE
34561720320L, 68989227536L, BLACK_TO_MOVE
34697248768L, 68853697024L, WHITE_TO_MOVE
436731904L, 120326587136L, BLACK_TO_MOVE
34360795136L, 69223711232L, BLACK_TO_MOVE
2260630669754370L, 68719739393L, BLACK_TO_MOVE
2260630669754882L, 68719738880L, WHITE_TO_MOVE
34829631744L, 68720330752L, WHITE_TO_MOVE
2260630669623810L, 68719935488L, BLACK_TO_MOVE
34763047434L, 68719740944L, BLACK_TO_MOVE
2251834576732674L, 1134764719603712L, BLACK_TO_MOVE
34763048970L, 68719739393L, BLACK_TO_MOVE
2260596310016514L, 120259346432L, BLACK_TO_MOVE
34763049482L, 68719738880L, WHITE_TO_MOVE
2260630400795138L, 68989747200L, BLACK_TO_MOVE
35287853957634L, 985088L, BLACK_TO_MOVE
35287451697666L, 17584095232L, BLACK_TO_MOVE
8830856069122L, 85899608577L, BLACK_TO_MOVE
34762918410L, 68719935488L, BLACK_TO_MOVE
240786735618L, 672923648L, BLACK_TO_MOVE
240518299650L, 404488705L, BLACK_TO_MOVE
34363802114L, 69659000832L, BLACK_TO_MOVE
403311114L, 120259346432L, BLACK_TO_MOVE
240787259394L, 671351297L, BLACK_TO_MOVE
34494089738L, 68989747200L, BLACK_TO_MOVE
34361967106L, 69660835840L, BLACK_TO_MOVE
35287451697666L, 471334912L, BLACK_TO_MOVE
34763047426L, 4512481620000768L, BLACK_TO_MOVE
34494089730L, 68989748224L, BLACK_TO_MOVE
240920822272L, 919552L, BLACK_TO_MOVE
17695667913216L, 919552L, BLACK_TO_MOVE
35218866962946L, 8865617805312L, BLACK_TO_MOVE
240787128322L, 134676993L, BLACK_TO_MOVE
17695534219266L, 134676993L, BLACK_TO_MOVE
34763047426L, 1134781899472896L, BLACK_TO_MOVE
240786735618L, 671877120L, BLACK_TO_MOVE
240920822272L, 34342912L, BLACK_TO_MOVE
17695667913216L, 34342912L, BLACK_TO_MOVE
4622433323614208L, 2314868247804911632L, BLACK_TO_MOVE
53034459340816L, 8079528651883811848L, BLACK_TO_MOVE
9112838656492544L, 8077232768398925824L, WHITE_TO_MOVE
1168781308210446336L, -9205317969150969800L, BLACK_TO_MOVE
9032522452963328L, 44491985781760L, WHITE_TO_MOVE
1125900159433784L, 2600855441255694340L, BLACK_TO_MOVE
9112838606160896L, 8077232768432480256L, BLACK_TO_MOVE
1166696634570113284L, 1414066913150992L, WHITE_TO_MOVE
18049720995022340L, 156579382151364608L, WHITE_TO_MOVE
68333434837024L, 592294377414624256L, BLACK_TO_MOVE
136503694987296L, 592223454080402432L, WHITE_TO_MOVE
71334717562880L, 4042033545539883008L, BLACK_TO_MOVE
4587457257439232L, 2332917624528052240L, BLACK_TO_MOVE
292228441957729280L, 5201668581942624256L, WHITE_TO_MOVE
2323014704056841L, 4625258634706681856L, BLACK_TO_MOVE
18014398522328580L, 156614704632459264L, BLACK_TO_MOVE
9309393572081680L, 5642858057891840L, WHITE_TO_MOVE
123403118772480L, 8797033602679L, BLACK_TO_MOVE
123403122966784L, 9071911509623L, BLACK_TO_MOVE
2028889430881475584L, 4906081012678656L, WHITE_TO_MOVE
2028889430746731520L, 4906081147422728L, BLACK_TO_MOVE
3583279372288L, 258505712700L, WHITE_TO_MOVE
2607061023813272576L, 5192679009300905984L, WHITE_TO_MOVE
593848351989824L, 19175500606610432L, WHITE_TO_MOVE
1097880090364346880L, 8920111908864L, WHITE_TO_MOVE
132284422553600L, 283743261632528L, BLACK_TO_MOVE
593384630598565888L, 157582420609024L, WHITE_TO_MOVE
1161567335120896L, 3472378718402379776L, WHITE_TO_MOVE
3583313188864L, 258505581628L, WHITE_TO_MOVE
66109182842912L, 592294402643330048L, BLACK_TO_MOVE
211519424692224L, 6786319082618880L, BLACK_TO_MOVE
2310359933910515712L, 291731225503335424L, BLACK_TO_MOVE
277826737543168L, 285123188367424L, BLACK_TO_MOVE
723962608259972128L, 1157431800344019200L, BLACK_TO_MOVE
1168755435329560576L, 206814220000272L, BLACK_TO_MOVE
9007445309656068L, 139649596559376L, BLACK_TO_MOVE
9007440982711300L, 138541526974464L, BLACK_TO_MOVE
71400476909568L, 4042033479772143616L, BLACK_TO_MOVE
30950142513184L, 592258638855013376L, BLACK_TO_MOVE
1166450102240025600L, 2654281198993408L, WHITE_TO_MOVE
45106547455492096L, 870388883678043136L, BLACK_TO_MOVE
1166679585761525760L, 314563811084288L, WHITE_TO_MOVE
563083400708096L, 11291984635894786L, BLACK_TO_MOVE
1157462955311497216L, 9034206415423488L, BLACK_TO_MOVE
3426314825243648L, 5778135948596346880L, WHITE_TO_MOVE
1225558936713773056L, 579891367850279936L, WHITE_TO_MOVE
1275502214291488L, 36159557239570432L, BLACK_TO_MOVE
18049789107372032L, 1012287406722285568L, BLACK_TO_MOVE
4707084150852L, 5060055762796560L, BLACK_TO_MOVE
449260558483718144L, 1152926341262869504L, WHITE_TO_MOVE
136503191670816L, 592223454550164480L, BLACK_TO_MOVE
2607061023812748288L, 5192679009301434368L, BLACK_TO_MOVE
1152951689941172224L, 580441019511211008L, WHITE_TO_MOVE
699298120605760L, 19140557021125632L, WHITE_TO_MOVE
289479683758639104L, 579288704884805632L, WHITE_TO_MOVE
1275503153815584L, 36159556232937472L, WHITE_TO_MOVE
301235641212603648L, 8651425896508428288L, WHITE_TO_MOVE
88133215470592L, 18049670428170240L, BLACK_TO_MOVE
4543766164537344L, -6890269453388344832L, BLACK_TO_MOVE
45106547456542724L, 870388883676992512L, WHITE_TO_MOVE
9033647866654720L, 290555226117636096L, WHITE_TO_MOVE
9007445311233028L, 138541493420032L, WHITE_TO_MOVE
442505133306413056L, 1155178166795895808L, BLACK_TO_MOVE
183592192879624192L, 4571889843568640L, BLACK_TO_MOVE
105879467993156L, 4813747843563536L, WHITE_TO_MOVE
-8623212301536854016L, 8821980268600L, WHITE_TO_MOVE
9112977118856192L, 8077232629911396352L, WHITE_TO_MOVE
4543766164541472L, -6890269453388348928L, WHITE_TO_MOVE
145241733302591488L, 628384262225920000L, BLACK_TO_MOVE
4741578106948L, 5060021268316176L, WHITE_TO_MOVE
2273972316029952L, 255430531940864L, WHITE_TO_MOVE
284602131296272L, 5660450243936256L, BLACK_TO_MOVE
881707308250563072L, 144124108187764736L, BLACK_TO_MOVE
5796694025609248L, 36141965055627264L, BLACK_TO_MOVE
3378244111826944L, 1166493877116864512L, WHITE_TO_MOVE
326351726660L, 5060038448185360L, BLACK_TO_MOVE
140738434474016L, 36168421045436416L, BLACK_TO_MOVE
6256247130038272L, 36099681497794560L, BLACK_TO_MOVE
293415404187664L, 1148037343674368L, WHITE_TO_MOVE
9016055680610304L, 295076417931051008L, BLACK_TO_MOVE
4622433459142656L, 2314868247668858896L, WHITE_TO_MOVE
4051115451606892544L, 1135881987491844L, BLACK_TO_MOVE
9112821476623360L, 8077232794168729600L, BLACK_TO_MOVE
53034459346960L, 8079528651883807752L, WHITE_TO_MOVE
9032522452434944L, 44491986306048L, BLACK_TO_MOVE
18014398525998596L, 156614704628785152L, WHITE_TO_MOVE
110280197545984L, -9200836238747086848L, WHITE_TO_MOVE
17843391496448L, 15410377537552L, WHITE_TO_MOVE
2349004723060736L, -9191807170270433272L, BLACK_TO_MOVE
17663325647906L, 1139145791375368L, BLACK_TO_MOVE
144150441302042624L, 2599716143802880000L, BLACK_TO_MOVE
145241733269037056L, 628384262301417472L, BLACK_TO_MOVE
1442282187369087232L, 583242644079779840L, BLACK_TO_MOVE
35253899368456L, 2815888925780353088L, BLACK_TO_MOVE
5257579855872L, -6890375281919389184L, BLACK_TO_MOVE
15411905319552L, 9025311165908992L, WHITE_TO_MOVE
301218014599580672L, 8651443523121451008L, BLACK_TO_MOVE
5798897343832096L, 36139766032371712L, WHITE_TO_MOVE
144036829607936L, 62669176438784L, BLACK_TO_MOVE
144589806647296L, 62118346883072L, WHITE_TO_MOVE
1442282187386127616L, 583242648374484992L, WHITE_TO_MOVE
301200216322346240L, 8651461596276592640L, BLACK_TO_MOVE
66134950809632L, 592294372580393984L, BLACK_TO_MOVE
290571102869004288L, 4039764153540153344L, WHITE_TO_MOVE
137336226578432L, 78017673232L, BLACK_TO_MOVE
-9187166972642586624L, 2348729039072488L, BLACK_TO_MOVE
8856425869312L, 290572818303680512L, BLACK_TO_MOVE
4614009088963903488L, 2897571772048082944L, BLACK_TO_MOVE
442505167733391360L, 1155178132369048576L, WHITE_TO_MOVE
2319417701053759488L, 2019865408942901248L, BLACK_TO_MOVE
2319417701053759492L, 2019865408942901264L, BLACK_TO_MOVE
2310393150131142656L, 2019882210854963200L, BLACK_TO_MOVE
583220837552103424L, 18146597602852864L, WHITE_TO_MOVE
141013312380960L, 36168144020045824L, WHITE_TO_MOVE
2260647483947068L, 18049789509763072L, BLACK_TO_MOVE
1168781308211494912L, -9205317969152020424L, WHITE_TO_MOVE
4614009226401021952L, 2897571634607818752L, BLACK_TO_MOVE
283786245898240L, 10190432077092880L, BLACK_TO_MOVE
1152951277624311808L, 580441156950164480L, BLACK_TO_MOVE
9007440991099908L, 138541518553088L, WHITE_TO_MOVE
1161086298783744L, 3472379749194530816L, BLACK_TO_MOVE
291678582997786624L, 4571872498974976L, WHITE_TO_MOVE
593386836299087872L, 154276134651904L, BLACK_TO_MOVE
15798259943473152L, 1141362698487808L, BLACK_TO_MOVE
1728673806287872L, 5203937973942353920L, BLACK_TO_MOVE
-8623212301504872448L, 8821930461240L, WHITE_TO_MOVE
68273675042824L, 2815875697213978724L, BLACK_TO_MOVE
2607061023813274624L, 5192679009300910080L, WHITE_TO_MOVE
145241733707857920L, 628384261749342208L, WHITE_TO_MOVE
1166487313433364740L, 1200899633184768L, BLACK_TO_MOVE
2348728773255168L, 13546056000740368L, BLACK_TO_MOVE
9007445376896004L, 139649529450512L, WHITE_TO_MOVE
9007445310180356L, 138541494472720L, BLACK_TO_MOVE
9253971753698304L, 8077232381382631424L, WHITE_TO_MOVE
2461016850432L, -8913613210162821104L, BLACK_TO_MOVE
1443421410483901712L, 582105761738924032L, WHITE_TO_MOVE
1736199487472602112L, 4567101456L, BLACK_TO_MOVE
144589805590528L, 62118347939904L, BLACK_TO_MOVE
2251973158502408L, 2319415466651562064L, BLACK_TO_MOVE
583216439505592320L, 19276895556206592L, BLACK_TO_MOVE
136511626412032L, 344272091152L, BLACK_TO_MOVE
583216430898880512L, 18151004239298560L, BLACK_TO_MOVE
277826738067456L, 285123187580992L, WHITE_TO_MOVE
42975679485952L, 141735802053692L, WHITE_TO_MOVE
54113701993120772L, 156544198180631041L, BLACK_TO_MOVE
583278003550035968L, 18085033541632000L, WHITE_TO_MOVE
4544041579315200L, -6890410466291478016L, WHITE_TO_MOVE
1166696359155335428L, 1414067450021904L, BLACK_TO_MOVE
2251920546613769L, 4625250008868847616L, BLACK_TO_MOVE
1168755297085826050L, 206952472123408L, BLACK_TO_MOVE
132284423602176L, 283743260581904L, WHITE_TO_MOVE
25323198222336L, 2314894700454216704L, BLACK_TO_MOVE
8925445358594L, 9062312815898656L, BLACK_TO_MOVE
66134952646688L, 592294372578558976L, WHITE_TO_MOVE
277964882182144L, -8038922928594075648L, WHITE_TO_MOVE
587737451204186112L, 50594966806528L, BLACK_TO_MOVE
2305896043673034768L, 1161999624242729992L, WHITE_TO_MOVE
699298238046272L, 19142755943717888L, WHITE_TO_MOVE
-8623212301538426880L, 8821980792888L, BLACK_TO_MOVE
71403706523648L, 4042033476550918144L, WHITE_TO_MOVE
-9204194279914340352L, 4512447260526648L, BLACK_TO_MOVE
9007439908969476L, 138542592294912L, BLACK_TO_MOVE
4620719735313531906L, 37521375113248L, WHITE_TO_MOVE
289479649128351744L, 579288739515093120L, BLACK_TO_MOVE
2274762590012416L, 255207193641472L, WHITE_TO_MOVE
1168781857968365568L, 175993534684176L, WHITE_TO_MOVE
292210815344837632L, 5201686208555646976L, BLACK_TO_MOVE
1152933960316174336L, 580458750209950720L, BLACK_TO_MOVE
4543731804803104L, -6890269401848741376L, BLACK_TO_MOVE
1126159733489680L, 11285937104626752L, WHITE_TO_MOVE
1166538298517356544L, 315113566898176L, BLACK_TO_MOVE
6615813870208L, 11285907072092160L, WHITE_TO_MOVE
2314885599401869312L, 6993756780759040L, BLACK_TO_MOVE
4052127126672645120L, 4629753296775675904L, WHITE_TO_MOVE
246703459336192L, 6786319421308928L, BLACK_TO_MOVE
5362084478976L, 440290768529131520L, BLACK_TO_MOVE
183592192880674816L, 4571889842520064L, WHITE_TO_MOVE
9271529779429376L, 6768692372738048L, WHITE_TO_MOVE
145241733705244672L, 628384261756157952L, WHITE_TO_MOVE
871547057582899200L, 18054050051264512L, WHITE_TO_MOVE
289640483171729408L, 4051124213372157952L, BLACK_TO_MOVE
2322426259982857L, 4625249871933210624L, BLACK_TO_MOVE
105879467984900L, 4813747843571728L, BLACK_TO_MOVE
2322327509289481L, 4625258771071893504L, BLACK_TO_MOVE
723962608294050848L, 1157431800309678336L, WHITE_TO_MOVE
3583278845952L, 258506236988L, BLACK_TO_MOVE
5772509064765472L, 38417954125123584L, BLACK_TO_MOVE
3426314825237504L, 5778135948596348928L, BLACK_TO_MOVE
3378218342023168L, 1166493894296733696L, BLACK_TO_MOVE
-9204176653435666432L, 4512421557831736L, BLACK_TO_MOVE
246772583366656L, 6786250296164352L, BLACK_TO_MOVE
4622364198567936L, 2314868316929400848L, BLACK_TO_MOVE
291678582997266440L, 4571872499499264L, WHITE_TO_MOVE
1443421410550482176L, 582105761672339456L, WHITE_TO_MOVE
1065570283536L, 1132522848059392L, WHITE_TO_MOVE
252839469033457664L, 7945157693669376L, WHITE_TO_MOVE
6256247197675520L, 36099681430161408L, WHITE_TO_MOVE
9112959454544896L, 8077232656192905216L, WHITE_TO_MOVE
593386838178136064L, 154275329345536L, WHITE_TO_MOVE
145241733269825536L, 628384262300631040L, WHITE_TO_MOVE
-2299034755821076480L, 9016446188018692L, BLACK_TO_MOVE
809273590273L, 2329555090132173824L, WHITE_TO_MOVE
2314918551604969600L, 18577417653715968L, BLACK_TO_MOVE
22798160167936L, 18122440592982530L, BLACK_TO_MOVE
2314918551740762240L, 18577417517925376L, WHITE_TO_MOVE
23073038074880L, 18122163567591938L, WHITE_TO_MOVE
-8002702267067906944L, 79477430818824L, WHITE_TO_MOVE
1155177711057241088L, 4770782315485470720L, BLACK_TO_MOVE
22042245923840L, 18122644603929090L, BLACK_TO_MOVE
22042246054912L, 18122644570243586L, WHITE_TO_MOVE
283790641725440L, 10199228086425872L, BLACK_TO_MOVE
-6280207865185042432L, 154319500052103168L, BLACK_TO_MOVE
809139109888L, 2329555090266654208L, BLACK_TO_MOVE
283807855149056L, 10190414779980048L, WHITE_TO_MOVE
-8002702267068955520L, 79477431875592L, BLACK_TO_MOVE
8086243917647120384L, 18085859926483456L, BLACK_TO_MOVE
576470219958521856L, 2605596407360823296L, WHITE_TO_MOVE
22798160168449L, 18122440592982018L, WHITE_TO_MOVE
70575845017728L, 149771128578134048L, WHITE_TO_MOVE
22248404354561L, 18263727837151234L, BLACK_TO_MOVE
70506689333376L, 149771197771567136L, WHITE_TO_MOVE
70506588670080L, 149771197838676000L, BLACK_TO_MOVE
291647727167867409L, 572223125065984L, BLACK_TO_MOVE
17850357974785L, 20519925697216514L, BLACK_TO_MOVE
4504202608050176L, 19208550145066496L, BLACK_TO_MOVE
-8002702267070020608L, 79477432932360L, BLACK_TO_MOVE
141013308153888L, 36168144024240128L, BLACK_TO_MOVE
-6318497256969863168L, 154327745239777280L, BLACK_TO_MOVE
-7177501713970755568L, 4532204685820930L, BLACK_TO_MOVE
21990504858624L, 18122696244331010L, BLACK_TO_MOVE
31543322083328L, 2911683047695584260L, BLACK_TO_MOVE
22248404485889L, 18263727837020162L, WHITE_TO_MOVE
70575844491392L, 149771128578658336L, BLACK_TO_MOVE
594589672156561408L, 161021348291046017L, BLACK_TO_MOVE
4035792993089232896L, 512311001587142792L, WHITE_TO_MOVE
13605615254899714L, -9169152092416245760L, WHITE_TO_MOVE
13605623912203266L, -9169152092416243704L, WHITE_TO_MOVE
2478167371912983112L, 70507058168834L, WHITE_TO_MOVE
594589741417103360L, 161021279034698369L, WHITE_TO_MOVE
618224740357931008L, 3467805644466159616L, WHITE_TO_MOVE
596788558107640320L, 154248493968418944L, WHITE_TO_MOVE
1161952989722061892L, 872617542139510784L, WHITE_TO_MOVE
1166458950977587200L, -9169081723393101816L, BLACK_TO_MOVE
616993565442342912L, 3613292747093442560L, BLACK_TO_MOVE
45254782582523904L, -9205304861518724096L, BLACK_TO_MOVE
9084423441484802L, -9169134500230201344L, BLACK_TO_MOVE
577046208893689856L, 1665214775495250056L, WHITE_TO_MOVE
2332926283932373512L, 70507056071682L, WHITE_TO_MOVE
55282329712594952L, 4644337385735168L, WHITE_TO_MOVE
2274624645776898L, 255345137885184L, WHITE_TO_MOVE
617099118558609408L, 3613046456488820736L, WHITE_TO_MOVE
13605615120681986L, -9169152092214919168L, BLACK_TO_MOVE
2332917419119874568L, 1205271775413250L, BLACK_TO_MOVE
576478860893761536L, 1665219173541757056L, WHITE_TO_MOVE
13605623777725442L, -9169152092282028032L, WHITE_TO_MOVE
4598424657462274L, -6854301883947808760L, BLACK_TO_MOVE
1258384382040084L, 2199160104705L, WHITE_TO_MOVE
1258358612236308L, 2216339973889L, BLACK_TO_MOVE
45254782582524930L, -9205304861518725120L, WHITE_TO_MOVE
9576809030901760L, 295083014728192008L, WHITE_TO_MOVE
4769338600798027776L, 1444534030134161424L, WHITE_TO_MOVE
9029267677264960L, 2889352786531581960L, WHITE_TO_MOVE
55282329712590856L, 4644337385739280L, BLACK_TO_MOVE
19253532693626936L, -9182698902450072576L, BLACK_TO_MOVE
13605623777199106L, -9169152092281501688L, BLACK_TO_MOVE
1166449947356051464L, -2305732989061955584L, WHITE_TO_MOVE
138521378944L, 4493746191720775680L, BLACK_TO_MOVE
4521399054270592L, 3336303426581037056L, WHITE_TO_MOVE
207240855680L, 3336321018767081472L, BLACK_TO_MOVE
207307964544L, 3336321010110038016L, WHITE_TO_MOVE
-1121361054123687936L, 2490295000009728L, BLACK_TO_MOVE
35391473467520L, 4622969266982567696L, BLACK_TO_MOVE
207307931648L, 3336321010110070784L, BLACK_TO_MOVE
3490325102145306624L, 4614176175585266688L, BLACK_TO_MOVE
-1121360916282081280L, 2490157157878784L, WHITE_TO_MOVE
291780168779874432L, 58652874343186432L, BLACK_TO_MOVE
9060217273991296L, 2258422754656016L, WHITE_TO_MOVE
774846611457L, 2329555124559152896L, BLACK_TO_MOVE
9060079365800064L, 2258551536041744L, WHITE_TO_MOVE
172265176088704L, 62030393204801536L, WHITE_TO_MOVE
9060079298166912L, 2258560193609488L, BLACK_TO_MOVE
-2299043534801469440L, 9025242348281092L, BLACK_TO_MOVE
172266253975552L, 62030392126898176L, WHITE_TO_MOVE
167815589970048L, 62034851380854784L, BLACK_TO_MOVE
277678697480192L, 43910581165522944L, WHITE_TO_MOVE
3463303504381345792L, 4623183374839744512L, BLACK_TO_MOVE
8895047074049L, 14694320407858184L, BLACK_TO_MOVE
172265176039424L, 62030393204850688L, BLACK_TO_MOVE
172125581213696L, 62030532791271424L, BLACK_TO_MOVE
9060079363686400L, 2258551538155280L, BLACK_TO_MOVE
576461406618521600L, 2605609618747334656L, BLACK_TO_MOVE
2305893725940238464L, 4639288261745837056L, BLACK_TO_MOVE
2305851904260768001L, 591155072711281672L, BLACK_TO_MOVE
26521592856576L, 5669494607334664L, BLACK_TO_MOVE
26521592856833L, 5669494607334408L, WHITE_TO_MOVE
291780306688589952L, 58652736433946624L, WHITE_TO_MOVE
31388092858368L, 44016134281789440L, BLACK_TO_MOVE
-2299025908188446720L, 9007615735258116L, WHITE_TO_MOVE
2310355503888138497L, 10190720780487688L, WHITE_TO_MOVE
252839485194374144L, 7945143680270336L, BLACK_TO_MOVE
1736199488548486144L, 4564992144L, WHITE_TO_MOVE
4620717614038254080L, 3971057823463780368L, BLACK_TO_MOVE
10199260012349440L, -9205357569221328383L, BLACK_TO_MOVE
5782674957891010560L, 2539765207535190016L, WHITE_TO_MOVE
10199260281572352L, -9205357569490550271L, WHITE_TO_MOVE
10199122842618880L, -9205357157173689855L, BLACK_TO_MOVE
4625230026938515968L, 1660702401349824528L, WHITE_TO_MOVE
10199122845764608L, -9205357157174738431L, WHITE_TO_MOVE
10199121772022784L, -9205357156092607999L, BLACK_TO_MOVE
1166458953133459456L, -9169081725549006840L, WHITE_TO_MOVE
1736199487472647168L, 4567089296L, BLACK_TO_MOVE
10199311287454720L, -9205355146047913471L, BLACK_TO_MOVE
10199328467323904L, -9205357362251038207L, WHITE_TO_MOVE
20398312125497344L, 2176364589085911681L, BLACK_TO_MOVE
1258375792105492L, 136849153L, WHITE_TO_MOVE
10199337057258496L, -9205355163227782655L, WHITE_TO_MOVE
1736199487472663552L, 4567072784L, WHITE_TO_MOVE
885089440580632576L, 158751956023929473L, WHITE_TO_MOVE
10172776979500032L, -9203076803336338943L, BLACK_TO_MOVE
5782674956808880128L, 2539765208608931840L, BLACK_TO_MOVE
24285860473924L, 4340389255214792704L, BLACK_TO_MOVE
1736199488548477952L, 4565000400L, BLACK_TO_MOVE
4769345215014109184L, 1444529619236302864L, WHITE_TO_MOVE
4625230026938253312L, 1660702401350086672L, BLACK_TO_MOVE
596788557973159936L, 154248494102899329L, BLACK_TO_MOVE
5784926756622565376L, 2533009809167876096L, WHITE_TO_MOVE
5785210292376174592L, 2532725173900541952L, WHITE_TO_MOVE
2478167371912589896L, 70507058627586L, BLACK_TO_MOVE
4035792923832885248L, 512311070847684744L, BLACK_TO_MOVE
596859064156291072L, 154248356663945857L, WHITE_TO_MOVE
2478167372451942920L, 70506519200770L, WHITE_TO_MOVE
5784926618376208384L, 2533009947412135936L, BLACK_TO_MOVE
2274624645760514L, 255345137901696L, BLACK_TO_MOVE
18243783043828892L, 8952078951213183040L, WHITE_TO_MOVE
9094187216042002436L, 2450712544423992L, WHITE_TO_MOVE
1376734840694078542L, 298393112844566528L, WHITE_TO_MOVE
3546646554268018178L, 326167650293780497L, BLACK_TO_MOVE
-281281290797972476L, 9087291737366658L, WHITE_TO_MOVE
1226966870246297228L, -8901311743670005728L, WHITE_TO_MOVE
8680927198634252320L, -8753268466678496256L, WHITE_TO_MOVE
673970014341310468L, -2304697490937786248L, WHITE_TO_MOVE
73552005635259392L, 4357285502191337852L, WHITE_TO_MOVE
8137213775829144L, 9160909048750145536L, WHITE_TO_MOVE
4450898873727L, 4557426438977916928L, BLACK_TO_MOVE
1772239446251273279L, 18081043584123072L, WHITE_TO_MOVE
1805679147485499020L, -8903492899861606368L, WHITE_TO_MOVE
291644102058847749L, 1158019096062792184L, BLACK_TO_MOVE
-1117668696241468356L, 288371942300979456L, WHITE_TO_MOVE
4340964713197240448L, 36111360238499964L, WHITE_TO_MOVE
-1121286269279395840L, 868096778944847663L, BLACK_TO_MOVE
2337641329263188208L, -2878925957970862080L, WHITE_TO_MOVE
567383335902976L, 1773567185102282815L, BLACK_TO_MOVE
291644240271124997L, 1158018956776772088L, BLACK_TO_MOVE
1152923720910637148L, -9152725133515968224L, BLACK_TO_MOVE
206450016075031L, -2250880363794513792L, BLACK_TO_MOVE
728767354761657918L, 8070526345794781441L, WHITE_TO_MOVE
-4695925290730311680L, 4622950703982199808L, WHITE_TO_MOVE
-6894409519403139074L, 614842701843005440L, WHITE_TO_MOVE
13247525096705L, 4557417642345369662L, BLACK_TO_MOVE
-266581609937760512L, 13529006628220985L, WHITE_TO_MOVE
9138034564141599L, -135942513732416512L, WHITE_TO_MOVE
-207660992319240160L, 27446629890036872L, WHITE_TO_MOVE
5710352443179926017L, 1153132834854582396L, WHITE_TO_MOVE
2019953357562982688L, 4625386056128678943L, BLACK_TO_MOVE
8077272367627436032L, 533115887263971452L, WHITE_TO_MOVE
2274418333769952L, 4581683838838971905L, BLACK_TO_MOVE
5222054919531167872L, -7888467373928136672L, BLACK_TO_MOVE
-266581601347957760L, 13528993743450681L, WHITE_TO_MOVE
142203310507842588L, 4469482155911217152L, WHITE_TO_MOVE
-6881295183623806944L, 2052590858607300744L, WHITE_TO_MOVE
-7203454070766010464L, 4679464643131342879L, WHITE_TO_MOVE
290500251202678896L, 140437925201839759L, BLACK_TO_MOVE
2168585158588497952L, 1443698313657857L, WHITE_TO_MOVE
88124956578434076L, -4699811526947041248L, BLACK_TO_MOVE
13246988225919L, 4557417642884337664L, BLACK_TO_MOVE
-4695925150062796800L, 4622950563323073552L, WHITE_TO_MOVE
5602188991488L, -4829271777622154700L, BLACK_TO_MOVE
8512378366719885314L, 655543099706080824L, BLACK_TO_MOVE
9383364697647L, -8873367286681870336L, BLACK_TO_MOVE
5294675463386230912L, -7889030323745259488L, WHITE_TO_MOVE
-9205155447689040888L, 1304997263466135936L, BLACK_TO_MOVE
33940278750806017L, -144035481864491248L, BLACK_TO_MOVE
1228083974060117644L, -9191785123542380512L, WHITE_TO_MOVE
483051238002L, 142707317201568908L, BLACK_TO_MOVE
-9218657450478130168L, 8236028293896307072L, BLACK_TO_MOVE
7103083141202177L, 8945419382487391248L, WHITE_TO_MOVE
79020708911939586L, 20058482890208921L, BLACK_TO_MOVE
110863480927592516L, 4039766525639204368L, WHITE_TO_MOVE
567937754989576L, -108655565771436016L, BLACK_TO_MOVE
4645553594884166657L, -7024300298111556836L, BLACK_TO_MOVE
520786620321795589L, 1154056561315885560L, WHITE_TO_MOVE
-1432082239181025280L, 1214220605017295984L, WHITE_TO_MOVE
8758792355381505L, 8944326623226641424L, WHITE_TO_MOVE
2342379067290657L, -75246073080986852L, BLACK_TO_MOVE
4645495225222238472L, -4719525343128975340L, WHITE_TO_MOVE
1166547739306262656L, -8337126082446853064L, WHITE_TO_MOVE
79161998312145154L, 55945990508967577L, BLACK_TO_MOVE
33832288469652993L, 2163078229710250268L, BLACK_TO_MOVE
206450016124183L, -2250880363794530176L, WHITE_TO_MOVE
110863473380489340L, 4039766533186455040L, WHITE_TO_MOVE
-276917844071909984L, 58771425684490783L, WHITE_TO_MOVE
1084900527329570944L, -1085182002323193824L, WHITE_TO_MOVE
9185466571537271836L, -9185467121331007456L, BLACK_TO_MOVE
142205371010014236L, 4468917145447235584L, WHITE_TO_MOVE
9384438439471L, -8873367287764000768L, WHITE_TO_MOVE
8137213775284232L, 9160909048750686208L, BLACK_TO_MOVE
1972750838182128L, 2263301564960345601L, BLACK_TO_MOVE
2274831187501280L, 4581683700863147521L, WHITE_TO_MOVE
36662563340686344L, -109004930890266352L, BLACK_TO_MOVE
-6881304134604611040L, 2052599809621660808L, BLACK_TO_MOVE
-4695925150062799864L, 4622950563327270928L, WHITE_TO_MOVE
673970014340259840L, -2304697490936735624L, BLACK_TO_MOVE
2164002239471575136L, 2347898423663238657L, BLACK_TO_MOVE
-280279377299232760L, 198370146191508866L, BLACK_TO_MOVE
9138034429661212L, -135942513597936126L, BLACK_TO_MOVE
-1427578623012343808L, 1210842888789036151L, BLACK_TO_MOVE
88182155408580608L, -89871009564979940L, BLACK_TO_MOVE
9261259606656256L, 296701215402113268L, BLACK_TO_MOVE
-6881304134739881472L, 2052599809756931320L, BLACK_TO_MOVE
4753227843599616L, 9092235719792394484L, BLACK_TO_MOVE
88182157519880192L, -89871011693064956L, BLACK_TO_MOVE
10391591919748352L, 2024953139999291636L, BLACK_TO_MOVE
79570456068784130L, 19226161245025945L, BLACK_TO_MOVE
1157475987685976064L, 3362096242936928255L, BLACK_TO_MOVE
4345997865105359932L, -9041283064029212670L, BLACK_TO_MOVE
-88778415365551864L, 88708046611874820L, BLACK_TO_MOVE
1166477232854696064L, -8301026778976322504L, BLACK_TO_MOVE
8662806275419014144L, 145248883518192479L, BLACK_TO_MOVE
-1712431154662473672L, 217024969984966405L, BLACK_TO_MOVE
4187567017387106336L, 4930614009100L, BLACK_TO_MOVE
150054802644549182L, 8072778145608466689L, BLACK_TO_MOVE
722276622853472258L, 5852732542502780733L, BLACK_TO_MOVE
88182157520404480L, -89871011693589220L, BLACK_TO_MOVE
90745066504861744L, -2297933295404761024L, BLACK_TO_MOVE
-7203454070766026976L, 4679464643131359263L, BLACK_TO_MOVE
-7185439672256544992L, 4625421447602913311L, WHITE_TO_MOVE
-6867784384758669280L, 2021065661232615560L, WHITE_TO_MOVE
-1121285307206721536L, 868096366627987247L, WHITE_TO_MOVE
571236289872904L, -108657764794691568L, WHITE_TO_MOVE
72486234862584320L, 582189376543962356L, BLACK_TO_MOVE
72624977206092000L, -72906465126642161L, BLACK_TO_MOVE
3475026270951178240L, 865880819880275976L, BLACK_TO_MOVE
72910305302167552L, -108939239760651236L, BLACK_TO_MOVE
3463360764819934214L, 5216339603587404577L, BLACK_TO_MOVE
4483439429782604288L, 1722487101530238L, BLACK_TO_MOVE
9094187216042530832L, 2450712543895584L, WHITE_TO_MOVE
581000647426194544L, -9167975354132742144L, BLACK_TO_MOVE
4702431084932249648L, -9215462323045842880L, WHITE_TO_MOVE
-88743524259724032L, 88672330872326144L, BLACK_TO_MOVE
4777179024767L, 4557426387575681024L, BLACK_TO_MOVE
3546650988553831938L, 326163216005861393L, BLACK_TO_MOVE
8758791349276961L, 8944326624241134608L, WHITE_TO_MOVE
4639973533042901120L, -8026961927819149280L, BLACK_TO_MOVE
4638801536139727112L, -4715083453860673516L, WHITE_TO_MOVE
4556064371817843200L, 1155139104223358L, BLACK_TO_MOVE
8367700505715998722L, 656105222878297656L, BLACK_TO_MOVE
4645495224148499720L, -4719525342046846956L, WHITE_TO_MOVE
13247525096831L, 4557417642345369600L, WHITE_TO_MOVE
1805679113058401932L, -8903492865434370016L, WHITE_TO_MOVE
5709506936053309953L, 1153977242469570620L, WHITE_TO_MOVE
5294675463522517120L, -7889030323881557984L, WHITE_TO_MOVE
74904450453479424L, -1678467392841218048L, WHITE_TO_MOVE
9185897704898627616L, -9186181378904943600L, WHITE_TO_MOVE
-4750109223747112960L, 4676993899510645760L, BLACK_TO_MOVE
-1712149645325893576L, 144122916657036549L, WHITE_TO_MOVE
276924731150L, 1773500972815851553L, BLACK_TO_MOVE
-7203454070967732832L, 4679464643366619679L, BLACK_TO_MOVE
291631976827937088L, 590229120911546896L, WHITE_TO_MOVE
-4828870088724771828L, 4612415003765657728L, WHITE_TO_MOVE
18049652544021216L, -90388734502499314L, BLACK_TO_MOVE
4562742410479076412L, -9185970015364935422L, WHITE_TO_MOVE
72406272619776008L, 618333320228157175L, BLACK_TO_MOVE
2387616347304009856L, -8622078723991600383L, BLACK_TO_MOVE
37647831397216496L, 2263690474382429697L, BLACK_TO_MOVE
4932472081791L, 4557426232282615808L, WHITE_TO_MOVE
2424064586842626L, 18685459154826392L, BLACK_TO_MOVE
36107064445240095L, 2467049903425752064L, WHITE_TO_MOVE
-4846743185377850356L, 4630288927200990081L, BLACK_TO_MOVE
2278913064760062L, -9018913356256572416L, WHITE_TO_MOVE
4483439291804680708L, 1722625079453712L, BLACK_TO_MOVE
1085110638473911809L, -5714811055427780478L, WHITE_TO_MOVE
435737225018773536L, -1679293672126518200L, BLACK_TO_MOVE
673970014342363184L, -2304697490938838976L, WHITE_TO_MOVE
2164002239471608032L, 2347898423663205889L, WHITE_TO_MOVE
73552074891079680L, 4357285433472650620L, WHITE_TO_MOVE
13247793532161L, 4557417504637980734L, WHITE_TO_MOVE
-6881295183640780768L, 2052590858624209032L, BLACK_TO_MOVE
5696797663832703489L, 3472530623415498876L, BLACK_TO_MOVE
-6894409522892800002L, 614842702111440896L, WHITE_TO_MOVE
-88743524800002816L, 88672331408408576L, BLACK_TO_MOVE
9023323748496834560L, -9169127791282746108L, BLACK_TO_MOVE
3472358928136682502L, 5497823618383545121L, BLACK_TO_MOVE
9166275823939486848L, -9184853722166958012L, WHITE_TO_MOVE
9276231030438936L, 1014729734234341476L, WHITE_TO_MOVE
46193422330540160L, 9099769682344282236L, BLACK_TO_MOVE
1447925079886327920L, 135934601125039759L, BLACK_TO_MOVE
520786620321138689L, 1154056561316542462L, BLACK_TO_MOVE
15853212039648769L, -7006285933695557348L, BLACK_TO_MOVE
4483439429782602244L, 1722487101532272L, BLACK_TO_MOVE
110845846767597692L, 4048791359054087680L, BLACK_TO_MOVE
1447929512293101680L, 135930177341755023L, BLACK_TO_MOVE
68326373793032L, 181341192309604983L, WHITE_TO_MOVE
552166945534L, -9018886795172444160L, WHITE_TO_MOVE
2055994565477404728L, 14676100694511365L, BLACK_TO_MOVE
5696797663836373505L, 3472530623413926012L, WHITE_TO_MOVE
72910305304249352L, -108939239771138032L, WHITE_TO_MOVE
4504082678608402L, 129196518319457452L, BLACK_TO_MOVE
-203192853943599072L, 4964090857395336L, WHITE_TO_MOVE
8137213777397896L, 9160909048748572672L, WHITE_TO_MOVE
72406517853651456L, 618333074943948020L, BLACK_TO_MOVE
2890477565519753272L, 4764830909026602245L, BLACK_TO_MOVE
8137213774776456L, 9160909048751198208L, BLACK_TO_MOVE
4345997882486554680L, -9041283081443961854L, BLACK_TO_MOVE
-9163495979876410360L, 9162578987178811408L, WHITE_TO_MOVE
7801228759040L, -4829836926615541196L, BLACK_TO_MOVE
8087653688878042172L, 306421594036244736L, BLACK_TO_MOVE
721738208543848816L, -6858754717960846334L, BLACK_TO_MOVE
-8927190661850059768L, 8268820678438912384L, BLACK_TO_MOVE
-8036395916892160250L, 2307816641108377616L, WHITE_TO_MOVE
4342037389593583648L, -4559617559534760882L, BLACK_TO_MOVE
9185334754678884384L, -9185336953706376176L, BLACK_TO_MOVE
88182157520406536L, -89871011693591292L, WHITE_TO_MOVE
1166477232855769280L, -8301026778977395656L, WHITE_TO_MOVE
277952894278935L, -2287544713160925056L, BLACK_TO_MOVE
-88778415499768824L, 88708046746092293L, BLACK_TO_MOVE
4645495224148496648L, -4719525342046844908L, BLACK_TO_MOVE
5887992292377856L, 8946985767267743988L, BLACK_TO_MOVE
90674628941619936L, -90956116862170098L, WHITE_TO_MOVE
8680809531911308536L, -8898953742677166080L, BLACK_TO_MOVE
722021897710418288L, -6858756932142316542L, BLACK_TO_MOVE
206450015593751L, -2250880363793999736L, BLACK_TO_MOVE
31798532326280348L, 6632681188422070336L, WHITE_TO_MOVE
1010002794844827888L, 84051943837404673L, BLACK_TO_MOVE
2248329539294038416L, 38373171503304704L, WHITE_TO_MOVE
-66136633134055424L, 65503313354304522L, BLACK_TO_MOVE
-9159129100654182272L, 9081720168491023484L, BLACK_TO_MOVE
-6303421454321876976L, 34410773017932808L, BLACK_TO_MOVE
-158823764207860606L, 14707201742239816L, BLACK_TO_MOVE
-7815207593148288L, 2463871615401084L, BLACK_TO_MOVE
-8082296846647029712L, 587315328544004L, WHITE_TO_MOVE
-4855533481737584609L, 4638796648002821888L, BLACK_TO_MOVE
-8319633339853799296L, 8247289868478651398L, BLACK_TO_MOVE
-6230800910196301744L, 33847822930287624L, WHITE_TO_MOVE
-4625874918366576512L, 13555029338253368L, BLACK_TO_MOVE
-73104328703336384L, 201210221399324L, BLACK_TO_MOVE
-8302112216795021184L, 8229767645904050180L, BLACK_TO_MOVE
252487158766551264L, 4350050922900241412L, BLACK_TO_MOVE
1818253362720835984L, 36103783848873984L, BLACK_TO_MOVE
-270165348433525630L, 53709704059713608L, BLACK_TO_MOVE
-29966546715049984L, 29333226943687690L, WHITE_TO_MOVE
3177475310298914976L, 4676517666289616904L, BLACK_TO_MOVE
1818253367066200464L, 36103779503575040L, WHITE_TO_MOVE
36248475433230532L, 449295859392649520L, BLACK_TO_MOVE
828665336581636320L, 2620950140966681604L, BLACK_TO_MOVE
1086855445686005776L, 54807059850267908L, BLACK_TO_MOVE
-7815207592361856L, 2463871614876796L, WHITE_TO_MOVE
-1385797093641100128L, 1169624311526856712L, BLACK_TO_MOVE
9154436072579536920L, 5885569491919872L, WHITE_TO_MOVE
4556064371818364928L, 1155139103702910L, BLACK_TO_MOVE
-1380167516894994272L, 10789556140378120L, BLACK_TO_MOVE
-65995964906274816L, 65362095370677258L, BLACK_TO_MOVE
-7165880099202399201L, 31614237826553856L, BLACK_TO_MOVE
-2251616656675553152L, 1745171705313050372L, BLACK_TO_MOVE
152588106401911041L, 9016670091302284400L, BLACK_TO_MOVE
9047095131881921L, 8654893421215497748L, WHITE_TO_MOVE
4776934562057372L, 6641688387676811328L, BLACK_TO_MOVE
16332180133199204L, -88671803211251712L, BLACK_TO_MOVE
8951567595422744688L, -9169148315073430771L, BLACK_TO_MOVE
8951567595422744944L, -9169148315073431028L, WHITE_TO_MOVE
208388421533185868L, -288195122268141565L, WHITE_TO_MOVE
2322636462897172L, -111396943012904255L, WHITE_TO_MOVE
4051062812356323074L, -8699060206621681632L, WHITE_TO_MOVE
36240902787339272L, -36525676298958576L, BLACK_TO_MOVE
2251852247873812L, -111325609042066751L, WHITE_TO_MOVE
36803852740760584L, -109146220290307824L, WHITE_TO_MOVE
8098732913457839872L, -9218867256210734873L, WHITE_TO_MOVE
4051062812356324608L, -8699060206621683680L, WHITE_TO_MOVE
2899814584749603856L, -9187122239047155584L, BLACK_TO_MOVE
28282381203619584L, -571955971644669721L, BLACK_TO_MOVE
883145595385856L, 9162604262637699326L, WHITE_TO_MOVE
8106004728912940546L, -8610689366458539904L, WHITE_TO_MOVE
4582827245842496L, 9164426601640806588L, WHITE_TO_MOVE
22947050567728L, -36262850303295232L, WHITE_TO_MOVE
31604415916814400L, 9155419411496093884L, WHITE_TO_MOVE
8097604816406789888L, -9218865061214011161L, WHITE_TO_MOVE
9094187216585164800L, -9202906926339837890L, WHITE_TO_MOVE
64273233457329996L, -72022340154357757L, BLACK_TO_MOVE
31623038168956928L, 2020998042973912959L, WHITE_TO_MOVE
2251851911280916L, -111325608704949567L, BLACK_TO_MOVE
4105106007884760834L, -8717074605131155360L, WHITE_TO_MOVE
1224652106109947394L, 2882348175256019072L, WHITE_TO_MOVE
2935967550486326288L, 96827774881920L, WHITE_TO_MOVE
603571394751987712L, 291624582156664703L, WHITE_TO_MOVE
4048815266854744128L, 508508135014582460L, WHITE_TO_MOVE
16455462874459460L, -124964895337738240L, BLACK_TO_MOVE
13740471018720256L, -49769273419030272L, WHITE_TO_MOVE
435737226096734240L, -1679293673204478968L, WHITE_TO_MOVE
18623952799891488L, 2285951869246012616L, WHITE_TO_MOVE
23085028481056L, -36262988281216768L, WHITE_TO_MOVE
-254360001808887523L, 145425877623303232L, BLACK_TO_MOVE
-8319351925073739648L, 8247289932987177990L, BLACK_TO_MOVE
-4625875194322403136L, 13555307441563704L, BLACK_TO_MOVE
-8319349665920941952L, 8247287669539412998L, WHITE_TO_MOVE
-231670739680345984L, 14652433120575236L, WHITE_TO_MOVE
-231670739680362368L, 14652433120624388L, BLACK_TO_MOVE
2248329608145896336L, 38373102651463684L, BLACK_TO_MOVE
-6230800910331576304L, 33847823065562120L, BLACK_TO_MOVE
-2236902750711021440L, 1444269216293796104L, BLACK_TO_MOVE
-8319633339920908160L, 8247289868562668550L, BLACK_TO_MOVE
-6230800910196309952L, 33847822930295864L, BLACK_TO_MOVE
-8082296855304601584L, 587323986115844L, BLACK_TO_MOVE
4484755490323108240L, 36295585603183176L, BLACK_TO_MOVE
-8086809259580846032L, 2310942737476054276L, BLACK_TO_MOVE
-72963039303262016L, 59920821325084L, WHITE_TO_MOVE
2248329539294036368L, 38373171503306756L, BLACK_TO_MOVE
9154436072579532824L, 5885569491924000L, BLACK_TO_MOVE
36259406156760001L, 2178667181284423728L, BLACK_TO_MOVE
-8927175745414033123L, 4062440414725205056L, BLACK_TO_MOVE
-2251552764742057856L, 1746304082030575364L, BLACK_TO_MOVE
-253225236552675043L, 175924291234880L, WHITE_TO_MOVE
9046819716055489L, 8655034434119679508L, BLACK_TO_MOVE
-2236902742053977984L, 1444268108125124872L, WHITE_TO_MOVE
-197263329599683454L, 53146758535739464L, BLACK_TO_MOVE
-2260604107833835392L, 1160598799336945928L, BLACK_TO_MOVE
252486986816864480L, 4350051094867229700L, BLACK_TO_MOVE
-2254987785259286400L, 1444338752820951304L, BLACK_TO_MOVE
-29966547251920896L, 29333228554300426L, BLACK_TO_MOVE
36248475164336581L, 449295859661544496L, BLACK_TO_MOVE
-197547003465431934L, 53148957424515144L, BLACK_TO_MOVE
-9153458275506322881L, 9079992202748853248L, BLACK_TO_MOVE
1815983975066470800L, 326603547655016448L, BLACK_TO_MOVE
-7868052869971840L, 7020316519857276L, BLACK_TO_MOVE
46259732614965056L, -54008010383288289L, WHITE_TO_MOVE
64273237771249472L, -72022340173293537L, WHITE_TO_MOVE
2899815697162927184L, -9186840776972140416L, WHITE_TO_MOVE
17475801256428558L, -89815974094526240L, BLACK_TO_MOVE
16347711817071972L, -88687330591768576L, BLACK_TO_MOVE
2899814593272249424L, -9186839673081462400L, BLACK_TO_MOVE
16332317572152676L, -88672215528112128L, WHITE_TO_MOVE
16349910840327524L, -88689533909991424L, WHITE_TO_MOVE
8951567595424858224L, -9169148315075527923L, WHITE_TO_MOVE
64273237769140044L, -72022340171200509L, WHITE_TO_MOVE
408064730603520L, 1089321482960445439L, BLACK_TO_MOVE
46188333078636352L, -53937160602773473L, BLACK_TO_MOVE
17476353168147534L, -89816526006245344L, WHITE_TO_MOVE
37234872186267456L, -40479550327220193L, BLACK_TO_MOVE
17859513286664192L, 1080877233659125759L, WHITE_TO_MOVE
15787503307883598L, -88690626099402720L, BLACK_TO_MOVE
2899814584749620304L, -9187122239047171968L, WHITE_TO_MOVE
2899812385726364752L, -9186838565047205760L, BLACK_TO_MOVE
8097604825164750848L, -9218865069971972889L, WHITE_TO_MOVE
9032172586312782L, -227176383360530432L, WHITE_TO_MOVE
421276117114880L, 1088182371667091455L, WHITE_TO_MOVE
17859513017171968L, 1080877233930715135L, BLACK_TO_MOVE
2899815125915483152L, -9187122784508002176L, WHITE_TO_MOVE
64273237769135936L, -72022340171196385L, BLACK_TO_MOVE
70498658402905412L, -142979293847220224L, WHITE_TO_MOVE
8951567560794570752L, -9169148280445240323L, BLACK_TO_MOVE
28282381209960192L, -571955971659398937L, WHITE_TO_MOVE
16922268027225166L, -233940578894600160L, WHITE_TO_MOVE
9032172586304590L, -227176383360522208L, BLACK_TO_MOVE
10300130264344322L, -51747320589182976L, WHITE_TO_MOVE
9032172587363400L, -227176383361581056L, WHITE_TO_MOVE
16332317572148548L, -88672215528108032L, BLACK_TO_MOVE
16455464753507652L, -124964899364270080L, WHITE_TO_MOVE
8106011049487896066L, -8610696786549317504L, WHITE_TO_MOVE
